entity,code,year,Liver, Kidney,Larynx,Breast,Thyroid,Bladder,Uterine,Ovarian,Stomach,Prostate,Cervical,Testicular,Pancreatic,Esophageal,Nasopharynx,Colon and Rectum,Nonmelanoma Skin,Lip and Oral Cavity,Brain and Nervous System,"Trachael, Bronchus, and Lung",Gallbladder and Biliary Tract
Afghanistan,AFG,2017,0,0.022039,0.0139114,0.0942228,0.0142417,0.0185541,0.0075881,0.0096521,0.050432,0.0294161,0.0475407,0.0009563,0.0019708,0.011086,0.0036233,0.0405211,0.0000819,0.0060203,0.0143998,0.0123088,0.001512
Albania,ALB,2017,0.0007637,0.0269116,0.0161189,0.180878,0.0269872,0.013232,0.0462162,0.0128542,0.0173464,0.1005408,0.0263852,0.025192,0.0040267,0.0018481,0.0020185,0.0536541,0.011143,0.0082382,0.0459284,0.0253676,0.0007777
Algeria,DZA,2017,0,0.0117126,0.0090387,0.1590764,0.0404181,0.0216225,0.0086247,0.009099,0.0072248,0.0743568,0.0316349,0.0023446,0.0020508,0.0013221,0.0097819,0.0368445,0.0000697,0.0058053,0.008468,0.0091879,0.0025933
American Samoa,ASM,2017,0.0011889,0.0166512,0.0075463,0.2765733,0.0326232,0.0296692,0.1289254,0.0725598,0.0196329,0.1998473,0.0611306,0.0008492,0.0038764,0.0017337,0.0100089,0.0787102,0.0298078,0.017614,0.0060918,0.0255876,0.0008855
Andean Latin America,,2017,0,0.0296875,0.0040165,0.1185251,0.0353675,0.0128708,0.0384401,0.0166875,0.0270065,0.1367427,0.0776213,0.0068669,0.0031341,0.0017005,0.0011261,0.0668415,0.0060728,0.0083502,0.0086657,0.0102879,0.0024439
Andorra,AND,2017,0.0003495,0.0397085,0.0144229,0.4673352,0.0384368,0.1028077,0.0758648,0.0308216,0.0250581,0.4022543,0.0313451,0.0376545,0.0060757,0.0068246,0.0033531,0.2430193,0.0137014,0.0240664,0.0953712,0.0533643,0.00316
Angola,AGO,2017,0.0003407,0.0204138,0.006464,0.0867478,0.0063567,0.0173937,0.0110652,0.0104441,0.0102561,0.0415949,0.1195358,0.0007905,0.0028455,0.0111843,0.0024518,0.0316282,0.0006339,0.0106379,0.0049071,0.0112535,0.0009234
Antigua and Barbuda,ATG,2017,0,0.0303884,0.0115128,0.2903612,0.0335122,0.025776,0.0634921,0.0238605,0.0150153,0.4650993,0.0673849,0.0053175,0.0032285,0.0036216,0.0021149,0.0918539,0.0023873,0.0107678,0.0101642,0.0085314,0.0009282
Argentina,ARG,2017,0,0.0721062,0.0148157,0.2756755,0.0239339,0.0379249,0.0399643,0.0208999,0.0162855,0.1270345,0.119658,0.0324736,0.0064939,0.0058949,0.001494,0.1196817,0.0028371,0.0125721,0.010154,0.0236282,0.0044725
Armenia,ARM,2017,0.0012483,0.032119,0.0173271,0.2898679,0.0235675,0.0515032,0.0672602,0.0192993,0.0204082,0.0832681,0.0544939,0.0091374,0.0064325,0.0021002,0.0015438,0.0817275,0.0104803,0.0082818,0.0285609,0.0308128,0.0010031
Australasia,,2017,0.0025312,0.0537766,0.0153024,0.4652037,0.0517675,0.0552129,0.0668344,0.0232349,0.029285,0.4669083,0.0244985,0.0352101,0.0105369,0.0094647,0.0041123,0.3157056,0.2826755,0.034288,0.037608,0.0806667,0.0037661
Australia,AUS,2017,0.00257,0.0532953,0.015927,0.4611515,0.0525576,0.0557764,0.0661621,0.0226397,0.0304886,0.4634695,0.0240427,0.0345662,0.010959,0.0088273,0.0042465,0.3144629,0.2810258,0.0348987,0.0370089,0.0829771,0.0036444
Austria,AUT,2017,0.0065962,0.0396077,0.0151401,0.3917462,0.0429943,0.0791091,0.0763363,0.0261003,0.0295949,0.337921,0.030638,0.0434626,0.0104995,0.0062781,0.0043777,0.1954433,0.003315,0.0188748,0.0555496,0.0727843,0.0056377
Azerbaijan,AZE,2017,0.0007477,0.0480071,0.0142986,0.1646984,0.0225327,0.028271,0.0377279,0.0168673,0.0309541,0.0551252,0.0384899,0.0019778,0.0042043,0.0109781,0.0015718,0.053733,0.0134304,0.0091743,0.0169329,0.021539,0.0010353
Bahamas,BHS,2017,0,0.0390579,0.0178622,0.4267854,0.0332095,0.0209607,0.0805901,0.034051,0.0136829,0.3958372,0.1000272,0.0006766,0.0031078,0.0069088,0.0035581,0.1165643,0.0017073,0.0204317,0.007657,0.0144769,0.00136
Bahrain,BHR,2017,0,0.018352,0.005726,0.1690341,0.0175424,0.0352515,0.0226456,0.0115071,0.0063115,0.1309201,0.0094174,0.0003241,0.0027601,0.0015835,0.0017069,0.052466,0.0001282,0.0063672,0.0091365,0.0130246,0.0005465
Bangladesh,BGD,2017,0,0.0088792,0.0117296,0.07621,0.0153411,0.00756,0.0070399,0.0075657,0.0097783,0.0178518,0.0374047,0.0002506,0.0012799,0.0033191,0.0041423,0.0285378,0,0.0241067,0.0088359,0.0210779,0.0013473
Barbados,BRB,2017,0,0.0432311,0.0114632,0.390882,0.0347451,0.0262363,0.1076412,0.028393,0.0146411,0.468618,0.1002661,0.0028061,0.0041713,0.0055217,0.0035695,0.1493602,0.001833,0.0136944,0.0095626,0.0089067,0.0010246
Belarus,BLR,2017,0,0.0539804,0.0249769,0.226527,0.0407814,0.0370866,0.047492,0.0227266,0.0421386,0.1748692,0.0537122,0.00885,0.0052652,0.0068212,0.0029297,0.1469719,0.0045048,0.0216828,0.0432666,0.0320871,0.0013013
Belgium,BEL,2017,0.0006347,0.0427123,0.0221956,0.4814112,0.0418308,0.0951514,0.0762165,0.0247395,0.0197933,0.2940134,0.0279156,0.0197905,0.0062389,0.0082113,0.005087,0.2177255,0.0153729,0.0312481,0.0769729,0.0610946,0.0025173
Belize,BLZ,2017,0,0.034342,0.0092152,0.1002077,0.013278,0.016983,0.0420718,0.0107604,0.0136582,0.1762557,0.1089333,0.001653,0.0038549,0.0031665,0.0023992,0.0443211,0.0021912,0.0097803,0.0068392,0.0129862,0.0009507
Benin,BEN,2017,0.0027898,0.0226435,0.0048662,0.0775957,0.0041881,0.0137196,0.0130123,0.0082244,0.0171343,0.0590338,0.0947494,0.000361,0.0030477,0.0082599,0.0018285,0.0242055,0.0000043,0.0072952,0.0040847,0.0091754,0.0008628
Bermuda,BMU,2017,0,0.0374685,0.0224259,0.2870854,0.0406748,0.0582704,0.0650795,0.0249282,0.0190406,0.4710003,0.027501,0.001265,0.0057038,0.0060231,0.0025725,0.1959655,0.0045019,0.0179399,0.029971,0.0252698,0.0006723
Bhutan,BTN,2017,0,0.0119319,0.0114427,0.0796891,0.0157238,0.0103148,0.0081509,0.0093498,0.0090803,0.0255912,0.0318502,0.0012798,0.0020815,0.0059317,0.0042652,0.0269862,0,0.0301726,0.0068529,0.0077348,0.001831
Bolivia,BOL,2017,0,0.0321757,0.0054874,0.1161677,0.0305596,0.0155787,0.0367527,0.016814,0.0389056,0.122313,0.0986243,0.0027844,0.0037978,0.002803,0.0013628,0.0442225,0.0056782,0.0088526,0.0080422,0.0121237,0.0034346
Bosnia and Herzegovina,BIH,2017,0.0001499,0.0411879,0.0167262,0.229588,0.0262661,0.0435766,0.0575238,0.0284943,0.0151813,0.083525,0.0422947,0.0157349,0.0062943,0.0029306,0.0010782,0.128501,0.0087015,0.0095886,0.0312551,0.0389807,0.0022257
Botswana,BWA,2017,0.0000129,0.0164932,0.0064311,0.1333998,0.0102535,0.0171983,0.0187126,0.0158778,0.0069344,0.1049644,0.0982659,0.0006944,0.0036257,0.0098791,0.0023032,0.0348994,0.0055035,0.0144559,0.004241,0.012375,0.0006665
Brazil,BRA,2017,0.0000026,0.0302391,0.0152245,0.1863955,0.0196208,0.0236929,0.026938,0.0166951,0.0155559,0.1595631,0.0623793,0.0082012,0.0039234,0.0068613,0.002021,0.0727442,0.0149804,0.0161595,0.0149428,0.0154698,0.0016632
Brunei,BRN,2017,0.0036977,0.0488373,0.0130593,0.3553733,0.0570483,0.0417059,0.0414781,0.0472306,0.0274419,0.1034186,0.109898,0.0114864,0.0045358,0.0043046,0.0188195,0.2419493,0.000783,0.0351914,0.0256495,0.0396855,0.0034465
Bulgaria,BGR,2017,0.0003571,0.0296383,0.0313347,0.3169167,0.0275512,0.0607993,0.1171762,0.0307447,0.0155229,0.0817918,0.0699235,0.0273366,0.0065964,0.0027633,0.002034,0.1792011,0.0084556,0.0185518,0.0393387,0.0337582,0.0011977
Burkina Faso,BFA,2017,0.0030112,0.0188177,0.0055056,0.1066291,0.0044175,0.0119496,0.0133375,0.0078676,0.0189579,0.0467934,0.1172157,0.0006323,0.0025411,0.0078181,0.0020626,0.0411207,0,0.0062887,0.0091327,0.0076655,0.000914
Burundi,BDI,2017,0,0.0127519,0.0068009,0.0680075,0.0094888,0.0096485,0.010957,0.0106033,0.0112057,0.0400354,0.1044528,0.0004099,0.0017866,0.0115688,0.0052204,0.0252177,0.0000151,0.0110684,0.0051384,0.0069979,0.0006661
Cambodia,KHM,2017,0.0002915,0.0182266,0.0082113,0.1172905,0.0169052,0.0176074,0.0202694,0.0186573,0.0147204,0.0319246,0.071003,0.000585,0.0022389,0.0034293,0.0107801,0.0438385,0.0000309,0.0143465,0.006759,0.0205567,0.0012809
Cameroon,CMR,2017,0.003226,0.0271392,0.0061346,0.0882361,0.0050443,0.0168024,0.0134919,0.009982,0.0172686,0.0688626,0.0901678,0.0003777,0.0039521,0.008909,0.0020082,0.0287867,0.0000212,0.0089058,0.005262,0.0107923,0.0009171
Canada,CAN,2017,0.0017118,0.0426341,0.0176347,0.431173,0.0455674,0.0771022,0.0821767,0.0253773,0.0305039,0.3026007,0.0368912,0.035503,0.006262,0.0085657,0.0023819,0.2472957,0.0595853,0.0229935,0.0751152,0.0711357,0.0037807
Cape Verde,CPV,2017,0.0008414,0.0372276,0.0047403,0.110905,0.0075306,0.0245903,0.0252986,0.0103126,0.0251469,0.1212015,0.0685412,0.0006157,0.005053,0.0147209,0.002367,0.0328525,0.0000291,0.0193192,0.0095171,0.0120565,0.0006047
Caribbean,,2017,0.0000016,0.0285142,0.0236744,0.2250289,0.0247821,0.0296479,0.0722892,0.0162832,0.0136636,0.2760631,0.0838451,0.004496,0.003406,0.0047702,0.0034129,0.1099662,0.0030014,0.0163516,0.011127,0.021579,0.0008949
Central African Republic,CAF,2017,0.0001665,0.0173859,0.0073127,0.0843891,0.004433,0.010896,0.009588,0.0083071,0.015131,0.0253363,0.1411512,0.0010323,0.002215,0.0129971,0.0029035,0.0281896,0.0003298,0.0105457,0.0055484,0.0105551,0.0009017
Central Asia,,2017,0.0026866,0.0358489,0.0106875,0.1678341,0.0173415,0.0237691,0.0435271,0.0162299,0.0227351,0.0421649,0.0501801,0.004265,0.0035078,0.0076947,0.0023999,0.0499062,0.012077,0.0123496,0.0151462,0.0169617,0.0007661
Central Europe,,2017,0.0004543,0.0452238,0.0256715,0.2884788,0.0343363,0.0652316,0.0870487,0.0290119,0.0170793,0.1322608,0.0525386,0.038512,0.0069397,0.0041284,0.0022798,0.1687905,0.0144858,0.0193897,0.0410436,0.0454235,0.0028434
"Central Europe, Eastern Europe, and Central Asia",,2017,0.0005316,0.0498115,0.0208893,0.2658815,0.0371912,0.0487098,0.0732331,0.0264355,0.0301845,0.118218,0.0528528,0.0152127,0.0068789,0.006177,0.002811,0.1450157,0.0131707,0.019899,0.0319396,0.043471,0.0018984
Central Latin America,,2017,0.0003481,0.0344747,0.0072237,0.1802396,0.030288,0.0156067,0.0371576,0.0202143,0.0277384,0.2091558,0.0682937,0.0191084,0.0031569,0.0018807,0.0019956,0.0778364,0.0291376,0.0080844,0.0084308,0.0106829,0.0016138
Central Sub-Saharan Africa,,2017,0.0001167,0.0157474,0.0057796,0.0831689,0.0053319,0.0142003,0.0104891,0.0092607,0.0107251,0.036397,0.120399,0.0007925,0.0022212,0.0095953,0.002339,0.0277887,0.0005262,0.0095321,0.0047189,0.0094211,0.00083
Chad,TCD,2017,0.002692,0.0163804,0.00564,0.0587931,0.0034522,0.0133307,0.0103879,0.0060159,0.019915,0.0558153,0.1039354,0.0004774,0.0022462,0.0068256,0.0019635,0.024715,0,0.0074174,0.0037363,0.011317,0.0009177
Chile,CHL,2017,0.0004686,0.0588919,0.0080389,0.2130783,0.0375657,0.0389423,0.0431244,0.0190587,0.0330866,0.1920844,0.0777845,0.0814968,0.0048137,0.0046103,0.0008919,0.1154333,0.0049539,0.008656,0.0141351,0.0176405,0.010263
China,CHN,2017,0.0292102,0.0163643,0.0115067,0.167121,0.0193176,0.0227438,0.0271066,0.0106591,0.0761507,0.0571207,0.0361441,0.0028993,0.0033664,0.0219118,0.0124516,0.125797,0.0007538,0.0104737,0.0472635,0.0678817,0.0018292
Colombia,COL,2017,0,0.022701,0.006716,0.180332,0.031978,0.015001,0.03325,0.0192002,0.0366191,0.208843,0.0598151,0.0145785,0.0027853,0.0019927,0.0017413,0.0863127,0.0161896,0.0080034,0.0102955,0.0112635,0.0016828
Comoros,COM,2017,0,0.0150174,0.0056108,0.1165925,0.011867,0.0141309,0.0168069,0.0204226,0.0097047,0.057235,0.1271247,0.000424,0.0025791,0.0107326,0.0055434,0.0378789,0.0000474,0.0114677,0.0061984,0.0082784,0.0007381
Congo,COG,2017,0.0001805,0.0228348,0.006843,0.1302812,0.0073144,0.0229778,0.0143508,0.0146916,0.0110631,0.0485826,0.1489198,0.0007619,0.0034643,0.011784,0.0030405,0.0386007,0.0006824,0.0115977,0.006501,0.0123833,0.0009691
Costa Rica,CRI,2017,0,0.0293833,0.0099145,0.2631447,0.0382428,0.0266441,0.0594128,0.017688,0.0893046,0.3684353,0.0588314,0.0263909,0.0044321,0.0023362,0.0048779,0.1553158,0.0098398,0.0103837,0.0148891,0.0103326,0.0016916
Cote d'Ivoire,CIV,2017,0.0012433,0.0127045,0.0053551,0.0900866,0.0051143,0.0152542,0.008537,0.0102296,0.0081323,0.1077762,0.0386634,0.0005914,0.0018258,0.0016626,0.0033137,0.017844,0.0000034,0.008231,0.0026532,0.0065506,0.0009225
Croatia,HRV,2017,0.0019414,0.0742661,0.0263617,0.3203011,0.0334279,0.0827702,0.1204473,0.0350977,0.0267338,0.172493,0.047981,0.0472389,0.0082988,0.0038756,0.0023538,0.2400974,0.0107951,0.0180971,0.0808622,0.0645976,0.0042769
Cuba,CUB,2017,0,0.0311556,0.0470431,0.2583119,0.0349184,0.048177,0.1245986,0.0176246,0.0111827,0.3467092,0.0669905,0.009549,0.0037367,0.0070841,0.0031962,0.150421,0.0048178,0.0236089,0.0227893,0.0350883,0.0008387
Cyprus,CYP,2017,0.0003056,0.0243308,0.0142229,0.4661468,0.0345282,0.0854694,0.0812655,0.0260816,0.0198264,0.3290528,0.0247786,0.0035524,0.0048979,0.001915,0.0028239,0.1782657,0.0139128,0.0164563,0.0546192,0.0454825,0.0025208
Czechia,CZE,2017,0.0003804,0.0690838,0.0181397,0.3035929,0.0373287,0.0876584,0.0934963,0.0316918,0.0187059,0.2141606,0.0458413,0.0518006,0.0085829,0.0049641,0.0012955,0.2140757,0.0220351,0.0196591,0.037593,0.0549575,0.0058693
Democratic Republic of Congo,COD,2017,0,0.0132477,0.0053511,0.0765959,0.0047849,0.0122609,0.0099499,0.0083553,0.0106828,0.0336911,0.1182342,0.0007784,0.0018546,0.0086211,0.0022083,0.0251537,0.0004807,0.0088074,0.0044391,0.0084072,0.0007839
Denmark,DNK,2017,0.0016265,0.0463137,0.018134,0.4615336,0.0362422,0.1080522,0.0757744,0.0318817,0.0165579,0.3190791,0.0361565,0.0438656,0.0095036,0.0103064,0.0032004,0.2688745,0.0171244,0.0262125,0.1375736,0.0871961,0.0046378
Djibouti,DJI,2017,0,0.019419,0.0065421,0.1022834,0.012054,0.019625,0.0159985,0.0182495,0.0095421,0.0723691,0.104348,0.0005286,0.0031543,0.0109549,0.0059398,0.0456553,0.0000555,0.0121563,0.0069253,0.0102005,0.000729
Dominica,DMA,2017,0,0.0444199,0.0143098,0.2440588,0.0233289,0.0296127,0.0473042,0.0147738,0.0248697,0.5078124,0.1176237,0.0011519,0.0043737,0.0056704,0.0035396,0.0710306,0.0013841,0.0193602,0.0058933,0.0145898,0.001178
Dominican Republic,DOM,2017,0,0.0182764,0.0090135,0.1786569,0.0194591,0.0118046,0.0294973,0.0110079,0.0116121,0.2352145,0.0747974,0.0003759,0.0034267,0.002626,0.0044398,0.0579662,0.0026561,0.014643,0.0069737,0.0137496,0.0007028
East Asia,,2017,0.0294096,0.0168136,0.0115513,0.1687014,0.0198308,0.0232972,0.0277681,0.0110383,0.0749446,0.058492,0.0366958,0.0030408,0.0033796,0.0217775,0.0126635,0.1279796,0.0007443,0.0118688,0.0467534,0.0668357,0.0019067
Eastern Europe,,2017,0.0000647,0.0555853,0.0210707,0.2791034,0.0457398,0.0446068,0.0722404,0.0281065,0.0401782,0.1250203,0.0541044,0.008537,0.0077113,0.0071727,0.0032055,0.1539613,0.0124465,0.0223349,0.0363328,0.0489767,0.001555
Eastern Sub-Saharan Africa,,2017,0.0010836,0.0152906,0.0054522,0.0854273,0.0142445,0.0130537,0.0117869,0.0147894,0.0098136,0.0445621,0.0970067,0.0004234,0.0021859,0.0102254,0.0052604,0.0331053,0.0000457,0.0109545,0.0066874,0.0074288,0.0008692
Ecuador,ECU,2017,0,0.029893,0.0042937,0.1237425,0.0454765,0.0117425,0.0483739,0.0178953,0.0278465,0.1391321,0.0761841,0.0082187,0.0030518,0.0016509,0.0012022,0.0561666,0.0089632,0.0082486,0.0097427,0.0093071,0.0021411
Egypt,EGY,2017,0.0103923,0.0166718,0.0048452,0.1196941,0.0177217,0.0909711,0.0134111,0.0149969,0.0053804,0.055531,0.0095381,0.0003899,0.0020567,0.0024746,0.001115,0.028599,0,0.0043102,0.010716,0.0077014,0.0007855
El Salvador,SLV,2017,0,0.021795,0.0053448,0.1639151,0.0242721,0.0129642,0.0634456,0.0192282,0.0288366,0.1501889,0.1043403,0.0032883,0.0032054,0.0019051,0.0034064,0.0727335,0.0079436,0.0104241,0.0090248,0.0098781,0.0021856
England,,2017,0.0018191,0.0541213,0.0171035,0.5381094,0.0315892,0.0572953,0.0818953,0.0356999,0.0292882,0.3348474,0.0400957,0.034233,0.0070178,0.0113023,0.0034801,0.2597526,0.0326885,0.0283706,0.0690607,0.0800652,0.0028099
Equatorial Guinea,GNQ,2017,0.0013333,0.0255193,0.0056316,0.1359031,0.0104788,0.0174968,0.0165156,0.0144148,0.0069158,0.0589303,0.1016701,0.0007903,0.0039908,0.0130405,0.0021183,0.039783,0.000773,0.012235,0.0049063,0.0111183,0.0008916
Eritrea,ERI,2017,0.000224,0.0205609,0.0073487,0.1222774,0.0132148,0.017851,0.0209573,0.0218988,0.0139059,0.0510807,0.1643774,0.0007239,0.002952,0.0129825,0.0082388,0.0436428,0.0000078,0.0141942,0.0089715,0.0090266,0.001017
Estonia,EST,2017,0,0.0700473,0.0207917,0.2938058,0.0500717,0.0572808,0.110781,0.0357508,0.0548492,0.3065089,0.0492782,0.0123456,0.0079198,0.0097598,0.002744,0.1998952,0.0072157,0.018458,0.0673355,0.0443138,0.0018383
Eswatini,SWZ,2017,0.0032913,0.024009,0.0092684,0.1150877,0.0095865,0.0166941,0.0172978,0.0168575,0.0109385,0.0688978,0.1229474,0.0010946,0.0047153,0.0206897,0.0035613,0.0405658,0.0048354,0.017809,0.0052459,0.0154501,0.0008293
Ethiopia,ETH,2017,0.0000066,0.0165116,0.0037711,0.086463,0.0258688,0.0127161,0.0083462,0.0177493,0.008552,0.0245234,0.0742685,0.0002867,0.0020336,0.0061056,0.0046479,0.0366638,0.0000712,0.0128971,0.0083732,0.0081614,0.0011825
Fiji,FJI,2017,0.0009619,0.0152473,0.0055202,0.2269813,0.0320069,0.0169383,0.0452084,0.0086608,0.008222,0.0584761,0.1367313,0.0055049,0.0025411,0.0030789,0.0030945,0.041999,0.0305985,0.0183289,0.0047172,0.0080838,0.0008649
Finland,FIN,2017,0.0045466,0.0543185,0.0101925,0.4507372,0.0395163,0.051155,0.0763758,0.0306551,0.0199925,0.4170419,0.0180336,0.0295242,0.0113244,0.0072811,0.0020647,0.18345,0.0109595,0.0208219,0.1030802,0.0508381,0.0046233
France,FRA,2017,0.0026582,0.0465007,0.028974,0.4490512,0.0372834,0.0982468,0.0817316,0.024408,0.018293,0.2589531,0.030893,0.0383555,0.0066216,0.0069829,0.0054822,0.203276,0.0319169,0.0311119,0.0706887,0.0547018,0.0024506
Gabon,GAB,2017,0.0009505,0.0242801,0.0073001,0.1192335,0.0071836,0.0285286,0.0119332,0.0130124,0.0087727,0.0553826,0.0898738,0.0008619,0.004013,0.0115537,0.0026992,0.0416698,0.0007533,0.0133869,0.0065998,0.0136844,0.0008728
Gambia,GMB,2017,0.0245972,0.0142716,0.0028371,0.0676493,0.0052762,0.0102288,0.0099759,0.0077666,0.0083571,0.0272801,0.0746789,0.0008808,0.0020536,0.002805,0.0024496,0.0203915,0.0000038,0.0078244,0.0023402,0.0077149,0.0009373
Georgia,GEO,2017,0.0004292,0.0393392,0.0218628,0.3013294,0.0303889,0.0442848,0.1030908,0.0259634,0.0231967,0.0712237,0.0657195,0.020794,0.0041447,0.0037567,0.0024481,0.0681575,0.0251118,0.018377,0.0200459,0.0280826,0.0015749
Germany,DEU,2017,0.00525,0.0645408,0.0202252,0.4954503,0.0500556,0.0696643,0.0840762,0.028566,0.0343799,0.3731959,0.034573,0.0609686,0.0110088,0.0129518,0.0033808,0.262777,0.0150595,0.0306298,0.0435139,0.086569,0.0087472
Ghana,GHA,2017,0.0044823,0.0192838,0.0060834,0.1154818,0.0023175,0.0189827,0.0262155,0.011536,0.0113772,0.062648,0.0983288,0.0000802,0.0055517,0.0049724,0.0008431,0.029209,0.0000047,0.0097121,0.0085154,0.0070951,0.0008138
Greece,GRC,2017,0.000599,0.039829,0.0278432,0.4214484,0.0316435,0.1093592,0.0910898,0.0280999,0.024795,0.211886,0.0339251,0.0406005,0.0063181,0.0022367,0.0067518,0.1632284,0.0156849,0.015322,0.0922954,0.0511837,0.0034049
Greenland,GRL,2017,0.0006508,0.0699283,0.0130075,0.1775892,0.0174005,0.0430259,0.0098779,0.0343196,0.0190742,0.0834519,0.0741449,0.0007672,0.0122862,0.0152951,0.0260848,0.171437,0.1520534,0.0271387,0.0067182,0.0816496,0.0018919
Grenada,GRD,2017,0,0.0259615,0.0111287,0.240804,0.0272825,0.0228816,0.0969315,0.0290636,0.013104,0.3109765,0.098738,0.0005865,0.0047983,0.0081563,0.0028707,0.073532,0.0020331,0.0164418,0.0071475,0.0134907,0.0010423
Guam,GUM,2017,0.0027554,0.0319839,0.0127584,0.2361174,0.0311512,0.0410061,0.0775108,0.0341821,0.0090014,0.1246131,0.0526352,0.0102357,0.0045743,0.0037409,0.0255707,0.1205812,0.0266726,0.0281239,0.0101646,0.0400634,0.0008646
Guatemala,GTM,2017,0.0034804,0.0227564,0.003725,0.0858113,0.0165501,0.007386,0.0311269,0.0104678,0.0308048,0.1111605,0.0877151,0.0039507,0.0023723,0.0020491,0.0026653,0.0368551,0.010405,0.0063643,0.0057344,0.0067777,0.0012756
Guinea,GIN,2017,0.0206583,0.0153311,0.0058519,0.0799681,0.0058867,0.0235115,0.0142452,0.0098018,0.02186,0.040024,0.1516024,0.0016854,0.0019713,0.0030727,0.003135,0.0231631,0.0000032,0.0211159,0.0029548,0.0096188,0.0009476
Guinea-Bissau,GNB,2017,0.0044734,0.0254216,0.0062278,0.0891318,0.0045274,0.0142212,0.0148059,0.009455,0.0222473,0.045212,0.1275368,0.0004758,0.0033832,0.0106585,0.0024451,0.0319187,0.0000038,0.0086047,0.0044876,0.0103735,0.0010089
Guyana,GUY,2017,0,0.0315884,0.0054551,0.1484097,0.0164472,0.0114118,0.0501164,0.0259008,0.0103032,0.1449496,0.1110745,0.0014815,0.0030368,0.0023068,0.0016648,0.0459869,0.0011149,0.0087818,0.0038585,0.0078171,0.0009185
Haiti,HTI,2017,0,0.0305504,0.0111012,0.1203205,0.0117119,0.0153388,0.0285818,0.0121909,0.0228075,0.1263266,0.1328558,0.0005201,0.0022099,0.0045532,0.0034277,0.038999,0.000866,0.0110579,0.0063546,0.0126204,0.0015275
High SDI,,2017,0.010148,0.0556669,0.0196714,0.4157801,0.0491371,0.0685521,0.0865299,0.0260042,0.0407647,0.3012339,0.034905,0.0304308,0.0100276,0.0098496,0.0041933,0.2482063,0.1146462,0.0277136,0.0528123,0.0749861,0.006822
High-income,,2017,0.0085845,0.0586884,0.019602,0.4301614,0.050258,0.0697668,0.0869619,0.0259178,0.0404694,0.3158259,0.0403511,0.033105,0.0103034,0.0095841,0.0035056,0.2499555,0.1219597,0.0267963,0.0497168,0.0739815,0.007054
High-income Asia Pacific,,2017,0.0260358,0.025583,0.0121381,0.2842248,0.0696294,0.0428074,0.0398162,0.0221379,0.1006092,0.1335266,0.0431792,0.016017,0.0138288,0.0159492,0.002453,0.2788513,0.0007484,0.018777,0.0423992,0.0704336,0.0147985
High-middle SDI,,2017,0.0169871,0.029254,0.0153289,0.2163106,0.029785,0.0351914,0.0396596,0.0167699,0.054237,0.1016616,0.0383878,0.0093988,0.0048089,0.0154104,0.0084644,0.1335703,0.0055018,0.0137014,0.0389537,0.0561883,0.0020756
Honduras,HND,2017,0,0.020309,0.004436,0.1010195,0.014367,0.0116155,0.0815769,0.0249483,0.0112577,0.0959745,0.02987,0.0003355,0.0029467,0.0019487,0.0036752,0.036435,0.0084086,0.0122283,0.0063035,0.0085247,0.0026108
Hungary,HUN,2017,0.0003406,0.0527683,0.032195,0.3111827,0.0308997,0.0712257,0.0665963,0.0253282,0.0137932,0.112644,0.0430358,0.0432481,0.0075342,0.0054623,0.0030248,0.2241493,0.013226,0.0324004,0.0379217,0.0530631,0.0023358
Iceland,ISL,2017,0.0015137,0.0725522,0.0121356,0.4022754,0.1091066,0.0836291,0.0652962,0.0242552,0.0267282,0.4416575,0.0215231,0.0300395,0.0066983,0.0093661,0.0029392,0.2015066,0.0119197,0.024732,0.1412376,0.070794,0.0027758
India,IND,2017,0.0000047,0.0106807,0.0143154,0.0922372,0.0161486,0.0092015,0.0103623,0.0114789,0.0115548,0.0199523,0.0449304,0.001519,0.0020194,0.0050331,0.0047725,0.0258159,0,0.0350323,0.0063074,0.0079419,0.0019649
Indonesia,IDN,2017,0.0010373,0.0186738,0.0071693,0.1251084,0.0161289,0.0211945,0.0197235,0.0188723,0.0114521,0.0370518,0.0516216,0.0000714,0.0025207,0.0010862,0.0096688,0.0332415,0.000066,0.0095626,0.0086319,0.0184642,0.0010721
Iran,IRN,2017,0,0.0190023,0.0155464,0.1780797,0.0283658,0.0359355,0.0180423,0.0138855,0.0240512,0.1743873,0.0137801,0.0066438,0.0028917,0.0052758,0.0015049,0.0667629,0.0012291,0.0063177,0.028758,0.0118956,0.0008332
Iraq,IRQ,2017,0,0.0178008,0.0065041,0.1111174,0.0142218,0.0307223,0.013102,0.0093727,0.0046311,0.0305225,0.0081841,0.0008773,0.0021452,0.0009243,0.0009604,0.021081,0,0.0040244,0.0130962,0.0101485,0.0003928
Ireland,IRL,2017,0.0003912,0.0477634,0.0185684,0.4883643,0.0380976,0.0666517,0.082761,0.0339489,0.026445,0.3475525,0.0389785,0.0297284,0.0063217,0.0116826,0.0036357,0.2536325,0.0259518,0.0213965,0.093014,0.0552436,0.002786
Israel,ISR,2017,0,0.0359583,0.0103006,0.3852245,0.0415289,0.0636838,0.0597513,0.0230707,0.0127997,0.13615,0.0254237,0.0120669,0.0065776,0.0018772,0.0030222,0.1532125,0.0175889,0.0107417,0.0413789,0.023938,0.0014293
Italy,ITA,2017,0.0092279,0.0560266,0.0256921,0.4512084,0.0649186,0.1113389,0.1077968,0.026716,0.0349884,0.2623615,0.0240625,0.0427562,0.0083409,0.0039697,0.0060896,0.23942,0.0108859,0.0197095,0.0638735,0.0578604,0.0054267
Jamaica,JAM,2017,0,0.0237599,0.0109297,0.2779569,0.0315515,0.0231233,0.0666606,0.0221762,0.0149466,0.3052136,0.098572,0.0022444,0.0031195,0.0042643,0.0044358,0.0925012,0.0002358,0.0094945,0.0055858,0.0210066,0.0011031
Japan,JPN,2017,0.0198931,0.0257437,0.0113192,0.3104033,0.0451497,0.0451837,0.0489758,0.025819,0.1013484,0.1411206,0.0487749,0.0232986,0.0156205,0.018496,0.0019712,0.3053963,0.0007752,0.0217306,0.0396915,0.0714989,0.0158619
Jordan,JOR,2017,0,0.015205,0.0051464,0.2115859,0.0247868,0.0399525,0.0237559,0.0107364,0.0067802,0.1147466,0.0097835,0.0061605,0.0028065,0.0013548,0.0032235,0.073108,0.000436,0.0088526,0.0150238,0.0131094,0.0009937
Kazakhstan,KAZ,2017,0.0002549,0.0439278,0.0101468,0.1808268,0.0320672,0.0258147,0.0525692,0.0236025,0.0213874,0.0475929,0.0613868,0.0064485,0.0041945,0.0085872,0.0024019,0.0706876,0.0113187,0.0151475,0.016265,0.0201035,0.0007771
Kenya,KEN,2017,0.0000851,0.0087891,0.0073768,0.0905389,0.0055423,0.0069415,0.007787,0.0108833,0.014048,0.0517776,0.0645681,0.000686,0.0023539,0.010438,0.0079858,0.0314352,0.0000537,0.0113226,0.0047585,0.0061277,0.0011875
Kiribati,KIR,2017,0.0013891,0.0245719,0.003731,0.1126649,0.0046226,0.0086117,0.0334927,0.0076523,0.0167225,0.0191673,0.2655666,0.0100973,0.0019102,0.0053041,0.0038415,0.0315664,0.0123566,0.0399301,0.0030939,0.0161733,0.0009123
Kuwait,KWT,2017,0,0.0156557,0.0055992,0.1465259,0.0254631,0.0417506,0.0253746,0.0083865,0.0042119,0.1740342,0.0077497,0.0011972,0.0023495,0.0014211,0.0016127,0.0603629,0.0000034,0.0052671,0.0211102,0.008091,0.0006528
Kyrgyzstan,KGZ,2017,0.000614,0.0265897,0.004468,0.1085426,0.0153003,0.0142836,0.0310012,0.01604,0.0228312,0.0240077,0.0571313,0.0023653,0.0029468,0.0044018,0.0018411,0.0332479,0.0120608,0.0090675,0.007476,0.0118764,0.000652
Laos,LAO,2017,0.0011623,0.0224688,0.0074708,0.1029156,0.0149819,0.018098,0.0167194,0.0187183,0.0132297,0.0316433,0.0656421,0.0005057,0.0023249,0.0033893,0.009956,0.0391341,0.0000147,0.0114465,0.0082536,0.0219077,0.001188
Latin America and Caribbean,,2017,0.0001406,0.031611,0.0116265,0.1806614,0.0259572,0.0198573,0.0362377,0.0181343,0.0214016,0.1880735,0.0684255,0.0124953,0.0034911,0.0041517,0.0020285,0.0775928,0.0185796,0.0121285,0.0110934,0.0136102,0.0016461
Latvia,LVA,2017,0,0.0543112,0.0261745,0.2753957,0.0441131,0.0596909,0.1363355,0.0308999,0.0380222,0.1891744,0.0298235,0.0140422,0.0073172,0.0092244,0.0023155,0.1482942,0.008329,0.0216483,0.0568069,0.0499994,0.0012127
Lebanon,LBN,2017,0,0.0189311,0.0290416,0.6519305,0.0911615,0.1593642,0.0617042,0.0345787,0.0161898,0.270894,0.023095,0.0316884,0.0036489,0.0019274,0.0034673,0.1552933,0.0027238,0.0144143,0.0577387,0.0310339,0.0020659
Lesotho,LSO,2017,0.0008026,0.0198775,0.0099526,0.1065372,0.0079114,0.0129846,0.0176367,0.0153343,0.0141285,0.0532918,0.1367447,0.0014144,0.0039264,0.0188683,0.0037033,0.0312303,0.0045808,0.0172424,0.0050161,0.0161075,0.0008901
Liberia,LBR,2017,0.0025959,0.0189173,0.004575,0.0757674,0.0039637,0.0128465,0.0114224,0.007017,0.0157932,0.060493,0.0865134,0.0003315,0.0025392,0.0073909,0.0016691,0.0273566,0.0000025,0.0066152,0.0032803,0.0073964,0.0007308
Libya,LBY,2017,0,0.025891,0.0231658,0.2188726,0.0492979,0.0690277,0.0285929,0.0195537,0.0105213,0.1242344,0.0325413,0.0068796,0.0049376,0.002366,0.0117558,0.1015397,0.000156,0.0107059,0.0327047,0.0221109,0.0020573
Lithuania,LTU,2017,0.0001324,0.0578186,0.0327323,0.2838191,0.0426555,0.0444086,0.1167221,0.0303073,0.0364995,0.3043632,0.0398031,0.0107645,0.0069146,0.0069541,0.0027238,0.1471994,0.004595,0.0208658,0.0516,0.0449835,0.0017949
Low SDI,,2017,0.0009076,0.0129363,0.011167,0.077641,0.0128342,0.0103312,0.0095186,0.0099578,0.0137055,0.0270753,0.0662088,0.0006161,0.0017743,0.0057066,0.0045406,0.027418,0.0001002,0.0212616,0.0068695,0.0105215,0.0015411
Low-middle SDI,,2017,0.0016423,0.0159209,0.0109478,0.1210513,0.0175801,0.0182388,0.0160186,0.0162257,0.015951,0.0476533,0.0530856,0.0015135,0.0023604,0.0060867,0.0050152,0.0340887,0.0013182,0.0290685,0.008013,0.0111345,0.0015621
Luxembourg,LUX,2017,0.0026377,0.0255979,0.0254731,0.4976676,0.06311,0.0936828,0.1306181,0.0341738,0.0253965,0.3037427,0.0252883,0.0384474,0.0073743,0.0074473,0.0055332,0.2618597,0.0155824,0.0299295,0.1265978,0.0707482,0.0031778
Madagascar,MDG,2017,0,0.0114641,0.0052187,0.080363,0.0093785,0.0102839,0.0125267,0.0128741,0.0101273,0.039998,0.1193661,0.0003959,0.0017432,0.0096843,0.0049985,0.0304783,0.0000156,0.0094843,0.0047933,0.0069188,0.0006233
Malawi,MWI,2017,0,0.018106,0.002995,0.0615187,0.0117122,0.0363806,0.0102793,0.0082499,0.0048565,0.0283764,0.1143596,0.0016696,0.0018191,0.0322325,0.0024339,0.0185762,0.0000377,0.0104909,0.0033393,0.0054984,0.0005652
Malaysia,MYS,2017,0.0007574,0.0184409,0.0115352,0.2464541,0.0442761,0.0295732,0.0350546,0.0220027,0.0116823,0.0663459,0.0552884,0.0092006,0.0024682,0.0037791,0.0274345,0.1268004,0.0001764,0.0220619,0.0096181,0.0204544,0.0011614
Maldives,MDV,2017,0,0.0145577,0.0083588,0.1074297,0.0369748,0.0328333,0.009899,0.0185028,0.0041466,0.0557442,0.0270407,0.0003928,0.0018959,0.0021759,0.0025223,0.0473541,0.0000792,0.033547,0.008712,0.0074865,0.0008699
Mali,MLI,2017,0.0175463,0.0150899,0.0034844,0.0796335,0.0101489,0.0463266,0.0070567,0.0049005,0.0224734,0.0323649,0.0724635,0.0009714,0.0020931,0.0031368,0.0022952,0.024386,0.0000494,0.0072051,0.0021743,0.0068345,0.0006769
Malta,MLT,2017,0,0.0412686,0.0191019,0.4902738,0.0485183,0.0826964,0.0962239,0.0313684,0.0184722,0.2177372,0.0204372,0.0493853,0.0068714,0.0041951,0.0096829,0.2052663,0.0120843,0.0230084,0.0641598,0.0455202,0.0018515
Marshall Islands,MHL,2017,0.0027174,0.0270362,0.0093603,0.1844885,0.0225421,0.0201259,0.0633973,0.0255089,0.0224959,0.0611024,0.1352027,0.0026877,0.0037942,0.0042337,0.0142864,0.0574246,0.0256034,0.0169255,0.0061053,0.0269453,0.0009531
Mauritania,MRT,2017,0.0016051,0.0225165,0.0045716,0.1068599,0.0054605,0.0195787,0.0168371,0.0109124,0.0146896,0.0972784,0.094054,0.000463,0.0035483,0.0064926,0.001858,0.0303144,0.0000168,0.0087253,0.0043785,0.0096921,0.0008466
Mauritius,MUS,2017,0,0.0221884,0.0106988,0.2795685,0.0221244,0.028584,0.0462916,0.0286711,0.0112797,0.0892789,0.040659,0.0036768,0.0033237,0.0032102,0.0055447,0.0959021,0.0002829,0.0243648,0.0096926,0.0121281,0.0011142
Mexico,MEX,2017,0.0003841,0.0413101,0.0063469,0.1807367,0.0332789,0.0157027,0.0329775,0.0220819,0.0210589,0.1870227,0.0601958,0.0282177,0.0033432,0.0016873,0.0015506,0.0741798,0.0463107,0.0073155,0.0082984,0.0091191,0.0016513
Micronesia (country),FSM,2017,0.0016035,0.0209264,0.0069546,0.1612338,0.0161205,0.0182969,0.0510567,0.0215858,0.0170303,0.0475571,0.0950492,0.0020012,0.003108,0.0027184,0.0105788,0.0454527,0.0252874,0.0150193,0.005113,0.024494,0.0008286
Middle SDI,,2017,0.0118747,0.0184756,0.0109628,0.1511963,0.0225559,0.0184926,0.0246973,0.0148946,0.0368036,0.071899,0.0499452,0.0047403,0.0027068,0.0108223,0.0084663,0.0779787,0.0049928,0.0171255,0.0189691,0.0330111,0.0015113
Moldova,MDA,2017,0.0019467,0.0408592,0.0217767,0.1999915,0.0254179,0.0338607,0.0468337,0.0161432,0.0170041,0.0818136,0.0536297,0.003766,0.0056499,0.0028825,0.0064389,0.1150208,0.0045638,0.0151233,0.0210185,0.0219027,0.0006172
Mongolia,MNG,2017,0.0832486,0.0275298,0.0055665,0.0790292,0.0120778,0.0097237,0.0215946,0.0125544,0.0557786,0.0184196,0.0591699,0.000129,0.0034701,0.0222636,0.001295,0.0292851,0.0083226,0.011178,0.0082642,0.0258631,0.0015594
Montenegro,MNE,2017,0.0001527,0.0306353,0.0407039,0.3290137,0.0409558,0.048535,0.056599,0.0226966,0.0100056,0.1214942,0.0454797,0.0290775,0.0058811,0.0035128,0.0006927,0.1160692,0.0089982,0.0134545,0.0531871,0.0490349,0.0014238
Morocco,MAR,2017,0,0.010847,0.0138088,0.2067075,0.0366205,0.0167924,0.0135969,0.0159393,0.0059673,0.0585224,0.0387305,0.0017984,0.0020223,0.0017007,0.0100562,0.0336549,0.0000599,0.0079384,0.0084703,0.014464,0.0007408
Mozambique,MOZ,2017,0.0144883,0.0139756,0.007387,0.0934511,0.0118463,0.0128002,0.015241,0.0143904,0.0098711,0.015818,0.1354886,0.000078,0.0019838,0.0095477,0.0006251,0.0425241,0.000036,0.0116435,0.009009,0.0094671,0.0007478
Myanmar,MMR,2017,0.001249,0.0264477,0.0081554,0.1882572,0.0205769,0.0217609,0.026937,0.0280895,0.015501,0.0397754,0.0871484,0.0006954,0.0030322,0.0119462,0.0117426,0.0514622,0.0000114,0.0146137,0.0093258,0.0193254,0.0014341
Namibia,NAM,2017,0,0.0139258,0.0112937,0.1666464,0.0095951,0.011023,0.0142656,0.0106368,0.0047198,0.0856952,0.076172,0.0018191,0.0023892,0.0040376,0.0026005,0.0277588,0.0037213,0.0294722,0.0047081,0.0073695,0.0005395
Nepal,NPL,2017,0,0.0099624,0.0129167,0.0803049,0.0138806,0.0081814,0.0077221,0.0089869,0.011895,0.0168478,0.0465201,0.0008028,0.0018485,0.0067007,0.0038878,0.0218952,0,0.0264442,0.00516,0.0112602,0.0020258
Netherlands,NLD,2017,0.0004319,0.0522083,0.0177915,0.5715471,0.0450968,0.1075727,0.1038251,0.0299516,0.0320223,0.3809641,0.0295214,0.0455657,0.0077254,0.0148759,0.0040928,0.3207949,0.0198054,0.0239265,0.0967128,0.0867833,0.0042492
New Zealand,NZL,2017,0.0023212,0.0564075,0.0120059,0.4871069,0.0475068,0.0521438,0.0702148,0.0266037,0.0229314,0.4840918,0.0270912,0.0384848,0.008229,0.0128466,0.0033871,0.3224931,0.2920394,0.0310123,0.0406942,0.0683743,0.0044341
Nicaragua,NIC,2017,0.0001791,0.0201497,0.0044018,0.1211199,0.0208357,0.0089846,0.0187083,0.0130927,0.0163795,0.1259743,0.089115,0.0041858,0.0023385,0.0009686,0.0016715,0.0516659,0.0084428,0.0048194,0.0053245,0.0067047,0.0014426
Niger,NER,2017,0.0094909,0.0142395,0.0043127,0.0538856,0.0032102,0.0089033,0.0106402,0.0058248,0.0177259,0.050483,0.1040177,0.0003722,0.0018738,0.0055201,0.0016016,0.0201673,0,0.0061975,0.0030872,0.0079677,0.0008231
Nigeria,NGA,2017,0,0.016924,0.0048206,0.192817,0.0035147,0.0071733,0.0071658,0.0111312,0.005994,0.1465884,0.0813781,0.0002703,0.0028101,0.0043953,0.0027525,0.0289725,0.000022,0.0047642,0.0051575,0.0080195,0.0007873
North Africa and Middle East,,2017,0.0015782,0.0184289,0.0116786,0.1586618,0.0283209,0.045511,0.0190349,0.0127303,0.0141896,0.1149041,0.0168919,0.0059358,0.0028237,0.0030221,0.0037299,0.0557767,0.0014377,0.0062719,0.0184076,0.0160492,0.0010298
North America,,2017,0.0044528,0.0804624,0.0217792,0.5051147,0.05148,0.067423,0.1235751,0.0263802,0.0197919,0.4505414,0.0378021,0.0315439,0.0114572,0.0075096,0.0030436,0.2512065,0.3572268,0.0332155,0.0414185,0.0910502,0.0048429
North Korea,PRK,2017,0.0162401,0.0238336,0.007694,0.129976,0.0171277,0.0203142,0.0265876,0.0153291,0.0329816,0.0447738,0.064121,0.0015664,0.002331,0.0117114,0.0127507,0.0626761,0.0000194,0.0090821,0.0139418,0.0252144,0.0015097
North Macedonia,MKD,2017,0.0005314,0.02594,0.0250311,0.2678382,0.0239004,0.0591727,0.0880517,0.0250208,0.0186907,0.1046976,0.0437623,0.0273732,0.0055135,0.0019089,0.0013824,0.1143902,0.0096312,0.008549,0.0364657,0.0330063,0.0012088
Northern Ireland,,2017,0.0019863,0.0435975,0.0204175,0.5382525,0.0369551,0.0577007,0.0760675,0.0412163,0.0352693,0.3248219,0.0388161,0.0549781,0.0070804,0.0113305,0.0041083,0.2869339,0.0187114,0.0295692,0.0718163,0.1030706,0.0033692
Northern Mariana Islands,MNP,2017,0.0009408,0.0250555,0.0182619,0.2465611,0.0258589,0.0294516,0.1138284,0.0189853,0.0131904,0.168981,0.0806271,0.0048805,0.0042263,0.0024578,0.0113349,0.0916257,0.0390973,0.0680277,0.0136265,0.0327808,0.0008628
Norway,NOR,2017,0.0004306,0.0692024,0.0112006,0.3928455,0.0491732,0.0876602,0.0826149,0.0330882,0.0190326,0.5517408,0.0303859,0.0448568,0.0088521,0.0065833,0.0025167,0.3070906,0.0380336,0.018919,0.1133498,0.0712931,0.0050581
Oceania,,2017,0.0012645,0.0170337,0.0077003,0.1398364,0.015961,0.0151689,0.0413043,0.0169706,0.0208024,0.0462518,0.1385921,0.0036982,0.0024554,0.0029145,0.0123725,0.037255,0.0187607,0.0160798,0.0056174,0.0241783,0.0009486
Oman,OMN,2017,0,0.01508,0.0065356,0.120006,0.0317521,0.0303594,0.0102411,0.0078674,0.0117354,0.1281911,0.0128361,0.0023277,0.0023078,0.0032831,0.0019547,0.0518243,0.0001277,0.0096792,0.0166164,0.0071122,0.0007296
Pakistan,PAK,2017,0.0002008,0.0134151,0.0216991,0.1820114,0.0409177,0.0307442,0.033609,0.045366,0.0080827,0.0223993,0.0285514,0.0037251,0.0017953,0.0108532,0.0061595,0.0299873,0,0.1086748,0.0102474,0.0141672,0.0032402
Palestine,PSE,2017,0,0.0256294,0.0042722,0.2001302,0.014485,0.0267674,0.0306208,0.0151765,0.0084322,0.0868415,0.0119533,0.0001512,0.0033567,0.0012851,0.0019605,0.0681571,0.0002389,0.0050105,0.0192952,0.0156557,0.0005931
Panama,PAN,2017,0,0.0270033,0.0078761,0.1929562,0.0314254,0.0142981,0.0538551,0.0159222,0.0412952,0.2708348,0.0801227,0.0086207,0.0028792,0.0018893,0.0030679,0.0990577,0.0024853,0.0092011,0.0120089,0.0106663,0.0010884
Papua New Guinea,PNG,2017,0.0009763,0.0160712,0.0079971,0.1198147,0.012966,0.0132869,0.0374009,0.0167594,0.023733,0.0340966,0.1432477,0.002441,0.0022097,0.0028077,0.0136326,0.0314551,0.0125436,0.0145567,0.0057341,0.0268346,0.0009704
Paraguay,PRY,2017,0,0.025927,0.0078521,0.1633167,0.022979,0.0121191,0.029278,0.0150416,0.0131378,0.1304274,0.1135827,0.0056125,0.0036735,0.004612,0.0011847,0.0523528,0.0012888,0.0099152,0.0047374,0.0151865,0.001393
Peru,PER,2017,0,0.0288683,0.0034647,0.1168643,0.0320024,0.0126979,0.034247,0.0161053,0.0233883,0.1402411,0.072017,0.0076451,0.0030002,0.0014143,0.0010209,0.0785513,0.0049157,0.0082866,0.0083962,0.0102675,0.0023262
Philippines,PHL,2017,0.0020829,0.0274854,0.0058933,0.2109477,0.0463319,0.0110796,0.0294937,0.033631,0.0061019,0.0561555,0.0563682,0.001876,0.0026832,0.0016733,0.01371,0.0715468,0.0000198,0.0152577,0.0078151,0.0187815,0.0005066
Poland,POL,2017,0,0.0363618,0.0243899,0.2841995,0.0392035,0.0645546,0.0935486,0.0308639,0.0146127,0.128029,0.0318741,0.0386877,0.0063333,0.0043618,0.0013984,0.1323893,0.0166037,0.0176181,0.0400397,0.0424936,0.002308
Portugal,PRT,2017,0.0005495,0.0434094,0.0160097,0.3754162,0.0397672,0.0843828,0.082462,0.0199,0.0410285,0.2717825,0.0407052,0.0137636,0.0048559,0.005409,0.006347,0.2507173,0.0121202,0.0267575,0.0453076,0.0237592,0.0023631
Puerto Rico,PRI,2017,0,0.0256109,0.0128441,0.3102928,0.0281999,0.0316577,0.0695848,0.0189358,0.0149778,0.2727175,0.0433486,0.0233353,0.0036304,0.0032211,0.0021729,0.1739613,0.0025726,0.0130174,0.0195852,0.0131025,0.0006212
Qatar,QAT,2017,0.0011416,0.0176569,0.0117726,0.200689,0.0192984,0.043389,0.0199344,0.0090066,0.0098366,0.3277512,0.0071913,0.0018775,0.0033257,0.0028837,0.0015279,0.0916378,0.0005351,0.0080377,0.0269536,0.014218,0.0008729
Romania,ROU,2017,0.001195,0.0401904,0.0284362,0.2520027,0.0347026,0.0586301,0.067083,0.0264776,0.0156276,0.1148693,0.0924423,0.0288288,0.0062274,0.0037365,0.0046221,0.1491221,0.0142002,0.0219532,0.0376574,0.0332856,0.0011435
Russia,RUS,2017,0.0000413,0.0576592,0.0192,0.2958053,0.0486379,0.0452633,0.07055,0.0267018,0.0406079,0.12535,0.0595231,0.007313,0.0081595,0.0075008,0.0022361,0.153499,0.014758,0.0200436,0.0296171,0.0487971,0.001462
Rwanda,RWA,2017,0,0.0144,0.0055192,0.0938955,0.0114634,0.0112524,0.0135022,0.0160133,0.0085613,0.0552399,0.1024585,0.0003114,0.0021986,0.008641,0.0045536,0.0258025,0.0000346,0.0112649,0.0057559,0.0071132,0.0007169
Saint Lucia,LCA,2017,0,0.027795,0.0138427,0.2303006,0.034284,0.0304592,0.0579954,0.0246478,0.0165371,0.3426977,0.0944529,0.006826,0.0043043,0.0053757,0.004561,0.0646173,0.0016802,0.0180002,0.0062722,0.0117609,0.0007668
Saint Vincent and the Grenadines,VCT,2017,0,0.033573,0.015648,0.2303066,0.033581,0.0215149,0.0678508,0.0223924,0.0150304,0.3444241,0.1404668,0.0015737,0.0036045,0.0033526,0.0036528,0.0641956,0.0021084,0.0230391,0.0065032,0.0103488,0.0008494
Samoa,WSM,2017,0,0.0121938,0.0029171,0.1065966,0.0263876,0.0129881,0.0400822,0.0198861,0.0156727,0.0474455,0.0711186,0.0042494,0.0023129,0.0019143,0.0078856,0.0417455,0.0378362,0.0091508,0.0042477,0.0078642,0.000784
Sao Tome and Principe,STP,2017,0,0.0221528,0.0039586,0.1094789,0.0058899,0.0324884,0.0231903,0.015178,0.0233804,0.0402787,0.1241916,0.000367,0.001632,0.0055485,0.0009171,0.042544,0,0.0044728,0.0025389,0.0150758,0.001423
Saudi Arabia,SAU,2017,0.0008657,0.0177094,0.007641,0.1677544,0.0647555,0.0309015,0.0188155,0.0088037,0.0079869,0.2462392,0.0085303,0.0067673,0.002901,0.0026537,0.0062766,0.0824851,0,0.0110333,0.021655,0.0098243,0.0012315
Scotland,,2017,0.0040691,0.0712892,0.0220136,0.5454485,0.0405446,0.0619668,0.0817116,0.0431019,0.029879,0.3081007,0.0451897,0.0566834,0.0091851,0.0181984,0.0036038,0.2848822,0.0137179,0.0385808,0.0672064,0.1139748,0.0045068
Senegal,SEN,2017,0.004386,0.0195531,0.0054076,0.0865381,0.0039765,0.0168989,0.0130184,0.0086382,0.0179389,0.0792306,0.0951131,0.0004329,0.0030077,0.0064083,0.0018827,0.0253585,0.0000042,0.0077579,0.00411,0.0110414,0.0009342
Serbia,SRB,2017,0,0.0417728,0.0331182,0.3411472,0.0295173,0.0723386,0.0939404,0.0275731,0.0150715,0.118626,0.0738899,0.0436768,0.0067796,0.0036449,0.0020439,0.1829307,0.0122194,0.0157943,0.0433843,0.0560651,0.0020443
Seychelles,SYC,2017,0,0.0319616,0.0421854,0.2501734,0.0133865,0.0629103,0.0384383,0.0462291,0.0094133,0.3505973,0.1370009,0.0112659,0.0046058,0.0077355,0.0133363,0.1738227,0.0001158,0.0530008,0.0166319,0.0160731,0.0011873
Sierra Leone,SLE,2017,0.0018565,0.0182522,0.0053972,0.084362,0.004326,0.0137495,0.0121589,0.0078027,0.0178656,0.0549471,0.1034049,0.0003929,0.0025251,0.0063067,0.0019021,0.0277318,0.000003,0.0071429,0.0041772,0.0096757,0.0008251
Singapore,SGP,2017,0.0186097,0.0200371,0.0119994,0.2982913,0.0368029,0.0248631,0.0382375,0.021421,0.034395,0.12607,0.0287677,0.0035046,0.0052047,0.0058819,0.0162439,0.230569,0.0003173,0.0104034,0.0423617,0.0611101,0.0021751
Slovakia,SVK,2017,0.0008699,0.0883496,0.0199898,0.3048814,0.0295375,0.0661559,0.1017871,0.0343065,0.0382234,0.171653,0.063904,0.0602675,0.0121341,0.0058313,0.002995,0.283056,0.0104204,0.023682,0.04429,0.0781799,0.0127252
Slovenia,SVN,2017,0.000912,0.0443741,0.0184931,0.3095013,0.0342886,0.0464476,0.0788833,0.0250034,0.0281398,0.2413528,0.0332966,0.0425375,0.0067215,0.0037643,0.0011312,0.2238557,0.0107089,0.0185834,0.0421574,0.0560397,0.0047716
Solomon Islands,SLB,2017,0.0011206,0.0168078,0.0065091,0.1058244,0.0116099,0.0126025,0.0355643,0.0153417,0.0188721,0.0362213,0.11299,0.0015867,0.0021666,0.0028444,0.0106234,0.0281497,0.0197665,0.0115881,0.0042646,0.0207333,0.0008182
Somalia,SOM,2017,0.0004063,0.0163892,0.0063264,0.0693026,0.0087594,0.0125832,0.0140146,0.0138906,0.0131223,0.042855,0.1451461,0.0004705,0.0021575,0.0137258,0.0059238,0.0378191,0.0000172,0.0102338,0.0057319,0.0077037,0.0008451
South Africa,ZAF,2017,0.0000491,0.0202246,0.0074995,0.1304074,0.0082246,0.019691,0.0160293,0.0145896,0.0068552,0.0927114,0.1060619,0.0012546,0.0037353,0.0129026,0.0020683,0.039021,0.0228399,0.0138756,0.0046147,0.0171388,0.000767
South Asia,,2017,0.0000197,0.0108467,0.0146877,0.0990312,0.0187637,0.0107881,0.0119835,0.0145146,0.0111061,0.0199216,0.0427916,0.0016491,0.0019306,0.0054018,0.0048531,0.0263947,0,0.0408633,0.0070448,0.0097279,0.0020143
South Korea,KOR,2017,0.0413741,0.0250474,0.0148838,0.2198876,0.1236492,0.0378641,0.0194271,0.01413,0.0988544,0.1036427,0.0330255,0.0038269,0.0084829,0.0094419,0.0020425,0.2048118,0.0006022,0.0112613,0.0506181,0.0681239,0.012064
South Sudan,SSD,2017,0,0.0194291,0.0063637,0.067528,0.0100141,0.0117317,0.0128264,0.012151,0.0121029,0.0481493,0.1238335,0.0004372,0.0023335,0.0151584,0.0058171,0.0335866,0.0000196,0.0095367,0.0056569,0.0097675,0.0007649
Southeast Asia,,2017,0.0037488,0.020042,0.0090626,0.152505,0.0298694,0.0194592,0.0217308,0.0218713,0.0108575,0.045063,0.0564546,0.0019343,0.002499,0.0035571,0.011666,0.0617233,0.0000359,0.018978,0.0094505,0.0224193,0.0017261
"Southeast Asia, East Asia, and Oceania",,2017,0.023153,0.0175145,0.0109646,0.1651642,0.0223404,0.0223482,0.0260831,0.0140126,0.0598526,0.0552678,0.0421098,0.0027314,0.0031716,0.0176248,0.0123458,0.1122643,0.0006268,0.0135556,0.0335424,0.0566479,0.0018595
Southern Latin America,,2017,0.0001295,0.0694025,0.0132332,0.2619445,0.0280684,0.0393876,0.0415767,0.0206436,0.0214007,0.1493126,0.1073976,0.0459475,0.006147,0.0056204,0.0013807,0.1206627,0.0036298,0.0117892,0.0112118,0.0224228,0.006273
Southern Sub-Saharan Africa,,2017,0.0004688,0.0189287,0.0078136,0.1262622,0.0092609,0.0210277,0.0167659,0.0149291,0.0081118,0.0900761,0.1079675,0.0012643,0.0037927,0.0135877,0.0023288,0.0381275,0.0188944,0.0139504,0.0049273,0.0159897,0.0007791
Spain,ESP,2017,0.0065785,0.0797485,0.0323573,0.34808,0.0341794,0.1177301,0.0915139,0.0255017,0.0375621,0.2443842,0.0293034,0.016615,0.0060861,0.0064249,0.0054035,0.2768349,0.0125217,0.0326607,0.0605828,0.0731975,0.0063909
Sri Lanka,LKA,2017,0,0.0365932,0.0084147,0.1437259,0.0323622,0.0190306,0.0252034,0.0179158,0.0072672,0.0539299,0.0257045,0.0014401,0.0019308,0.0060855,0.0064872,0.0514028,0.0000104,0.0379549,0.01035,0.0076793,0.0020849
Sub-Saharan Africa,,2017,0.0017528,0.0169214,0.0056219,0.1115466,0.0085191,0.014148,0.0119044,0.0121189,0.0104307,0.0726964,0.0968605,0.0005504,0.0027143,0.0084621,0.0033907,0.0308738,0.002685,0.0094661,0.0056384,0.0091085,0.0008367
Sudan,SDN,2017,0,0.0154847,0.0087448,0.0758637,0.0125223,0.023325,0.0048809,0.0062858,0.0218863,0.0534417,0.0160805,0.000719,0.001674,0.005869,0.0019463,0.0281314,0.0000691,0.0052141,0.0091672,0.008198,0.0008362
Suriname,SUR,2017,0.0001478,0.0308755,0.0051647,0.1414391,0.0204792,0.0145239,0.0237568,0.0242335,0.0096941,0.149653,0.1041667,0.0026781,0.0040617,0.0018376,0.0052566,0.0696489,0.0008623,0.0093159,0.0118279,0.015168,0.0008084
Sweden,SWE,2017,0.000941,0.0418116,0.0095522,0.4710776,0.033544,0.0782988,0.0755794,0.0253251,0.0142376,0.4529089,0.0294737,0.0318655,0.0058167,0.004643,0.002383,0.2123382,0.0139985,0.0173642,0.0923678,0.0350041,0.0031442
Switzerland,CHE,2017,0.0049858,0.0357108,0.0131878,0.4026052,0.0414621,0.060603,0.0571656,0.022311,0.0192322,0.3494524,0.0207544,0.0276701,0.0061765,0.0069495,0.0032461,0.1940079,0.02246,0.0228003,0.0726401,0.0479041,0.0028044
Syria,SYR,2017,0,0.0122945,0.0052708,0.1328545,0.0090788,0.0237212,0.0113699,0.0087143,0.0065237,0.1183342,0.0101424,0.0003756,0.0023209,0.0013108,0.0010365,0.0418964,0.0003722,0.0048016,0.0178971,0.0100593,0.0004716
Taiwan,TWN,2017,0.0501968,0.0339408,0.0172406,0.2979642,0.0511656,0.0541723,0.0652504,0.028619,0.0468604,0.1351851,0.0394197,0.0137757,0.0049209,0.0249313,0.0248695,0.2993411,0.0006356,0.0933245,0.0514653,0.0476751,0.0061657
Tajikistan,TJK,2017,0,0.0328261,0.0037683,0.0907149,0.004122,0.0111191,0.0289085,0.012224,0.0280293,0.0223556,0.0193112,0.0000759,0.002689,0.0069967,0.0023298,0.0284598,0.008186,0.0054653,0.0171609,0.0081885,0.0003893
Tanzania,TZA,2017,0,0.0188903,0.0054926,0.0822128,0.0119353,0.0129672,0.0138285,0.0162008,0.0089346,0.0592853,0.1027714,0.0000706,0.0023382,0.0052537,0.0049443,0.0311117,0.0000442,0.0065046,0.0077718,0.0070794,0.0007139
Thailand,THA,2017,0.0110073,0.0161588,0.0132514,0.1646773,0.0249228,0.0243314,0.0190908,0.0218041,0.0085741,0.0579925,0.060383,0.0050289,0.0025533,0.0047316,0.0118473,0.0830483,0.0000066,0.0285509,0.0171425,0.0216545,0.0050674
Timor,TLS,2017,0.0007864,0.0174222,0.007225,0.0860855,0.0150694,0.0196439,0.0179549,0.0160887,0.012447,0.0454389,0.059008,0.0006482,0.0020958,0.002765,0.0102691,0.0350423,0.0000495,0.0122915,0.007187,0.0183409,0.0012371
Togo,TGO,2017,0.001562,0.0162535,0.0048925,0.0889085,0.0039468,0.0134119,0.012928,0.0086619,0.0167591,0.0516988,0.0940651,0.0005129,0.0026713,0.0063142,0.0018546,0.0232982,0.0000042,0.0075331,0.0038634,0.0088368,0.000793
Tonga,TON,2017,0.0128074,0.0242624,0.0058718,0.2609404,0.0157546,0.0179593,0.0446989,0.0181113,0.0208762,0.1032532,0.1128157,0.0673663,0.0033887,0.0030802,0.0076551,0.034432,0.0317196,0.0139862,0.0055852,0.0266892,0.0006836
Trinidad and Tobago,TTO,2017,0,0.0356702,0.0071074,0.2386891,0.0231284,0.0198665,0.0678085,0.0267355,0.00734,0.2744147,0.0694926,0.002676,0.0035421,0.0020042,0.0025245,0.0976949,0.0002042,0.0098219,0.0055944,0.0107578,0.0008622
Tropical Latin America,,2017,0.0000026,0.030067,0.0150524,0.1858,0.0196915,0.0234261,0.0269891,0.0166499,0.0154979,0.1588895,0.0636484,0.0081137,0.0039171,0.0068073,0.0019956,0.0722551,0.0146742,0.0160115,0.0146252,0.0154616,0.0016567
Tunisia,TUN,2017,0,0.0129127,0.0176218,0.2029161,0.0342564,0.0504322,0.0165638,0.0122437,0.0081818,0.0895272,0.0184987,0.005158,0.002091,0.001146,0.0087273,0.0554643,0.000141,0.0103129,0.0143056,0.0187564,0.00168
Turkey,TUR,2017,0,0.027748,0.0154574,0.1762722,0.0299454,0.0529544,0.0379485,0.0161831,0.0172992,0.1675813,0.0137729,0.0237043,0.0045863,0.0020114,0.0042437,0.0896589,0.0046418,0.0060566,0.0398862,0.0346556,0.0009499
Turkmenistan,TKM,2017,0,0.0479039,0.0059839,0.1601488,0.0156276,0.0161314,0.0128062,0.0170525,0.0157646,0.0361572,0.0599913,0.0052482,0.0026536,0.0123643,0.0025201,0.0369632,0.0098175,0.015134,0.013185,0.0107595,0.0007679
Uganda,UGA,2017,0.0003444,0.0140315,0.0050586,0.0949903,0.0129134,0.0113987,0.016399,0.0143709,0.0078657,0.0919462,0.0892669,0.0007144,0.0022709,0.0181353,0.0076075,0.0295199,0.0000163,0.0136556,0.0044699,0.0064286,0.0004006
Ukraine,UKR,2017,0.0000042,0.0504029,0.0250246,0.2435291,0.0392678,0.0436776,0.0772041,0.0340907,0.0395822,0.0937019,0.038411,0.0123589,0.0071172,0.0064124,0.0062195,0.1586138,0.009211,0.0303728,0.0571361,0.0554111,0.0019607
United Arab Emirates,ARE,2017,0,0.0313501,0.0228555,0.1448696,0.0267655,0.0661053,0.0086304,0.0084191,0.0134411,0.1547433,0.0158987,0.0051454,0.0050338,0.0120071,0.003221,0.0855416,0.0002128,0.0100131,0.0332887,0.0165874,0.0010233
United Kingdom,GBR,2017,0.0020094,0.0554583,0.017698,0.5364031,0.0326296,0.0578395,0.0818994,0.0366356,0.0296258,0.3299733,0.0405158,0.0373344,0.0072146,0.0119563,0.0035372,0.2635972,0.029624,0.029394,0.0686287,0.0841098,0.002968
United States,USA,2017,0.0047838,0.0849749,0.0222787,0.5142019,0.0522488,0.0662386,0.1285625,0.0264979,0.0185064,0.4684658,0.0379123,0.0311547,0.0120872,0.0073806,0.003117,0.2516159,0.3937595,0.0344411,0.0375915,0.0935149,0.0049775
United States Virgin Islands,VIR,2017,0,0.0560893,0.0202449,0.3723712,0.0249318,0.0275474,0.0687223,0.0408033,0.0165099,0.680355,0.066734,0.0002409,0.0059386,0.0055898,0.0046708,0.2085155,0.0016487,0.0170774,0.0164349,0.023547,0.0012772
Uruguay,URY,2017,0,0.0962232,0.0223614,0.3560457,0.0279392,0.0577023,0.0513058,0.0254805,0.0228217,0.1939647,0.1105727,0.030334,0.0087187,0.0081233,0.0026271,0.1569393,0.0062332,0.0192582,0.012388,0.0340215,0.0064785
Uzbekistan,UZB,2017,0,0.025632,0.0100735,0.1514115,0.0074137,0.0171142,0.0349718,0.0102958,0.0173041,0.0287241,0.0487008,0.0031826,0.0025126,0.006476,0.0030751,0.0355296,0.0097127,0.0127177,0.0145497,0.0107811,0.0004172
Vanuatu,VUT,2017,0.0046215,0.0230499,0.0079079,0.1392233,0.0140686,0.021607,0.0432528,0.0216757,0.0193258,0.07348,0.1118895,0.0017607,0.0031302,0.0026436,0.0139155,0.0398511,0.0331659,0.0203305,0.0062302,0.0241902,0.0013255
Venezuela,VEN,2017,0,0.0424862,0.0137349,0.2297403,0.0263796,0.0201706,0.0451645,0.0200748,0.0291027,0.3484932,0.1057284,0.0116257,0.0034017,0.0023672,0.0026967,0.0907724,0.014042,0.0103006,0.0073706,0.018582,0.0012229
Vietnam,VNM,2017,0.0078446,0.0116061,0.0121819,0.1249872,0.0581635,0.0139445,0.0163319,0.0172982,0.0145559,0.0370859,0.0564634,0.0037343,0.0022422,0.0049101,0.0126772,0.0926526,0.0000278,0.0311854,0.0097648,0.0420041,0.0010047
Wales,,2017,0.0014284,0.0568352,0.0184007,0.4922462,0.0348226,0.0596784,0.0851933,0.0390125,0.031376,0.2899872,0.0408507,0.0491349,0.0069691,0.0119047,0.0039447,0.2753053,0.0127882,0.0305872,0.0621406,0.0865361,0.0027058
Western Europe,,2017,0.0042854,0.0559829,0.0223414,0.4610095,0.043658,0.087899,0.0871164,0.02814,0.0293334,0.3091606,0.031851,0.0388342,0.0079659,0.0084577,0.0045338,0.2437115,0.0190515,0.0268727,0.0657308,0.0680567,0.0049688
Western Sub-Saharan Africa,,2017,0.003181,0.0177744,0.0050794,0.1371462,0.0040997,0.0131242,0.0108476,0.0098393,0.0115664,0.1008636,0.0873432,0.0004014,0.0029541,0.0051093,0.002347,0.0276944,0.0000168,0.0068415,0.0050046,0.0083476,0.000827
World,OWID_WRL,2017,0.0101688,0.0283642,0.0139323,0.2134062,0.0274219,0.0342245,0.03917,0.0173242,0.036456,0.1290021,0.0467078,0.0075856,0.0049981,0.0103382,0.0064995,0.1213881,0.0339739,0.0209553,0.022898,0.0431547,0.0031203
Yemen,YEM,2017,0,0.0121781,0.0098559,0.0813777,0.0117185,0.0212714,0.0053468,0.0067447,0.0285213,0.0450136,0.0209373,0.0008844,0.0015212,0.0051283,0.0022287,0.0309922,0.0000281,0.0050869,0.0086624,0.0102881,0.0009704
Zambia,ZMB,2017,0.0002948,0.0185006,0.0065025,0.0880171,0.0106488,0.0174863,0.0155986,0.0173795,0.0105007,0.051675,0.1139251,0.0002521,0.0029653,0.0070916,0.0060973,0.0364577,0.0000549,0.0094072,0.0081001,0.0079918,0.0007634
Zimbabwe,ZWE,2017,0.0029498,0.012644,0.0087762,0.0962294,0.0146123,0.0347992,0.0209342,0.0174975,0.0159401,0.0818299,0.1250616,0.0011305,0.0043091,0.0187908,0.0033181,0.0359972,0.0000952,0.0100206,0.0060964,0.0108288,0.0009049
